{
    "weights": [
        0.15025447467075498,
        0.10849045054198594,
        0.09168439525970518,
        0.07275235916076146,
        0.03752172954886508,
        0.030490156895199825,
        0.028050095731742143,
        0.01212713809322023,
        -0.0023450822148054517,
        -0.010901620562144311,
        -0.0399638349102266
    ],
    "pvals": [
        0.0,
        0.0,
        0.0,
        0.0,
        0.0,
        0.0,
        0.0,
        0.0,
        7.54015322017576e-05,
        1.1008311744165056e-05,
        0.0
    ],
    "used_features": [
        5,
        3,
        4,
        0,
        1,
        8,
        9,
        2,
        6,
        7,
        10
    ]
}