{
    "weights": [
        0.20069546445656888,
        0.16274979879812407,
        0.1480518470744207,
        0.08339025569053886,
        0.029683559304426805,
        0.01586718168851876,
        -0.12091835067810766,
        -0.16428929247262616
    ],
    "pvals": [
        0.0,
        4.218847493575595e-15,
        1.581135222750163e-11,
        1.704834882154671e-07,
        0.00018060402106523377,
        0.16805818261536354,
        5.644535949755891e-10,
        2.226840933872154e-11
    ],
    "used_features": [
        5,
        7,
        6,
        4,
        1,
        2,
        3,
        0
    ]
}