{
    "weights": [
        0.07761551540665781,
        0.07526035734514423,
        0.054692629366569816,
        0.046258985846218084,
        0.04161234666820318,
        0.03651503778992336,
        0.028622895033406134,
        0.024428520148961852,
        0.019061142164719852,
        0.012221208786095212,
        0.009535383852499248,
        0.008846658541439791,
        0.0050249876908088,
        -0.003538842196311988,
        -0.010100478034999697,
        -0.0883370256095398
    ],
    "pvals": [
        0.0,
        0.0,
        0.0,
        0.0,
        0.0,
        0.0,
        0.0,
        0.0,
        0.0,
        0.0,
        0.0,
        0.0,
        2.220446049250313e-16,
        3.500979353310285e-06,
        0.0,
        0.0
    ],
    "used_features": [
        0,
        2,
        10,
        4,
        14,
        15,
        6,
        9,
        8,
        11,
        13,
        5,
        7,
        1,
        3,
        12
    ]
}