{
    "weights": [
        0.2909975853034934,
        0.110985112783753,
        0.09293474546046918,
        0.06705818112391271,
        0.06045819527803987,
        0.03457020356873527,
        0.031650359539144426,
        0.028807928204065962,
        0.025312663211432676,
        0.01473219592002955,
        0.009445656715890281,
        0.003979869586681489,
        -0.0025125530643799678,
        -0.017760702359237525,
        -0.027630693222161763,
        -0.050079547619300405
    ],
    "pvals": [
        0.0,
        0.0,
        0.0,
        0.0,
        0.0,
        0.0,
        0.0,
        0.0,
        0.0,
        0.0,
        0.0,
        3.0833113839889847e-12,
        0.0032539139613441126,
        0.0,
        0.0,
        0.0
    ],
    "used_features": [
        0,
        1,
        11,
        14,
        10,
        5,
        3,
        13,
        2,
        7,
        4,
        15,
        9,
        12,
        8,
        6
    ],
    "prediction_lime": -0.30871652483556167,
    "prediction_real": -0.3592427372932434
}