{
    "weights": [
        0.09912306914695697,
        0.07371918415481764,
        0.06058036250121093,
        0.05702045404223784,
        0.046160087470909536,
        0.044725129282601216,
        0.04152412410509069,
        0.039153952478341976,
        0.03724137880268488,
        0.03422922657581287,
        0.028752669927046712,
        0.010013329161456972,
        0.009362505551781584,
        0.0008354718111781706,
        -0.00443826601646464,
        -0.02302456463539757
    ],
    "pvals": [
        0.0,
        0.0,
        0.0,
        0.0,
        0.0,
        0.0,
        0.0,
        0.0,
        0.0,
        0.0,
        0.0,
        0.0,
        0.0,
        5.85399465846681e-05,
        0.0,
        0.0
    ],
    "used_features": [
        0,
        3,
        1,
        2,
        6,
        4,
        13,
        11,
        8,
        12,
        5,
        7,
        14,
        10,
        9,
        15
    ]
}