{
    "weights": [
        0.3040762120648766,
        0.2876496462526394,
        0.2723699719367461,
        0.19270044666602837,
        0.1814091015050643,
        0.15996080052145373,
        0.1352446219102682,
        0.08657320205058167,
        0.0021994196301130474,
        -0.027999174352853273,
        -0.08780897573030626
    ],
    "pvals": [
        0.0,
        0.0,
        0.0,
        0.0,
        0.0,
        0.0,
        0.0,
        0.0,
        8.905306878581598e-07,
        0.0,
        0.0
    ],
    "used_features": [
        1,
        4,
        8,
        5,
        6,
        7,
        3,
        2,
        9,
        10,
        0
    ],
    "prediction_lime": -0.41729305047251053,
    "prediction_real": -0.49115869402885437
}