{
    "weights": [
        0.0860716046477368,
        0.08299061266488286,
        0.0786684492775218,
        0.07815775104392801,
        0.06737025012063677,
        0.05567064762762528,
        0.011330804374076827,
        0.0056616732322298325,
        0.005380647698406778,
        -0.013220008945469465,
        -0.017247341071527842,
        -0.029760799096542823,
        -0.03477362202059107,
        -0.03981292402541731,
        -0.05585080230451853,
        -0.07414722230170798,
        -0.07692738248215909
    ],
    "pvals": [
        0.0,
        0.0,
        0.0,
        0.0,
        0.0,
        0.0,
        0.0,
        0.0,
        2.487541284068584e-08,
        0.0,
        0.0,
        0.0,
        0.0,
        0.0,
        0.0,
        0.0,
        0.0
    ],
    "used_features": [
        11,
        5,
        1,
        2,
        10,
        4,
        0,
        3,
        13,
        12,
        6,
        9,
        7,
        8,
        14,
        16,
        15
    ]
}