{
    "weights": [
        0.12916777502873722,
        0.10794298630037906,
        0.08126596128127997,
        0.04172956687967792,
        0.03886639937790592,
        0.01927133656938701,
        0.009654696807097974,
        0.005148214481478898,
        0.004943544151222442,
        0.0004299311597079395,
        -0.01602986328557282,
        -0.016163408830168,
        -0.016759659159868406,
        -0.01779249298245628,
        -0.0348905227407719,
        -0.048308293883306604,
        -0.09336641799608403
    ],
    "pvals": [
        0.0,
        0.0,
        0.0,
        0.0,
        0.0,
        0.0,
        0.0,
        0.0,
        8.457330058497803e-08,
        2.5390677649284044e-07,
        0.0,
        0.0,
        0.0,
        0.0,
        0.0,
        0.0,
        0.0
    ],
    "used_features": [
        0,
        14,
        4,
        5,
        1,
        13,
        7,
        10,
        6,
        11,
        9,
        15,
        16,
        2,
        3,
        8,
        12
    ]
}