{
    "weights": [
        0.09691550315406315,
        0.08898104472652825,
        0.07825878841636537,
        0.05984240632315751,
        0.051129901677977076,
        0.03571906129910842,
        0.02709000413868715,
        0.0230435504899348,
        0.017379169197445022,
        0.013295203398141877,
        0.008368212997621385,
        0.0016789066998090863,
        -0.014735112709889635,
        -0.01670602402724157,
        -0.03761316066618771,
        -0.049034619076361245,
        -0.05320768790411546
    ],
    "pvals": [
        0.0,
        0.0,
        0.0,
        0.0,
        0.0,
        0.0,
        0.0,
        0.0,
        0.0,
        0.0,
        0.0,
        0.0,
        0.0,
        0.0,
        0.0,
        0.0,
        0.0
    ],
    "used_features": [
        0,
        5,
        1,
        7,
        13,
        16,
        4,
        14,
        9,
        12,
        10,
        15,
        2,
        3,
        8,
        11,
        6
    ]
}