{
    "weights": [
        0.18413831506979658,
        0.09791105294917976,
        0.0798338708788778,
        0.03228017292865659,
        0.0017974980811417244,
        -0.018337248547261042,
        -0.02796289699187696,
        -0.02982561187799822,
        -0.06255587102982395,
        -0.09459536764942685
    ],
    "pvals": [
        0.0,
        0.0,
        2.6645352591003757e-15,
        3.964959160995818e-08,
        0.09386159816663442,
        0.01104010410589451,
        0.006782864214156303,
        0.003445135048715464,
        7.987166483758301e-12,
        4.440892098500626e-16
    ],
    "used_features": [
        7,
        3,
        2,
        0,
        1,
        4,
        9,
        6,
        8,
        5
    ]
}